08.03.2023,345
11.03.2023,763
12.03.2023,766
10.03.2023,552
12.03.2023,482
12.03.2023,822
10.03.2023,722
09.03.2023,897
11.03.2023,428
10.03.2023,576
09.03.2023,538
09.03.2023,525
11.03.2023,226
12.03.2023,251
11.03.2023,793
11.03.2023,756
10.03.2023,786
10.03.2023,147
08.03.2023,101
12.03.2023,668
12.03.2023,561
10.03.2023,696
09.03.2023,126
11.03.2023,133
09.03.2023,865
11.03.2023,584
10.03.2023,237
12.03.2023,534
08.03.2023,574
09.03.2023,907
11.03.2023,117
09.03.2023,600
12.03.2023,122
08.03.2023,201
11.03.2023,435
08.03.2023,835
08.03.2023,1000
09.03.2023,571
10.03.2023,571
11.03.2023,556
08.03.2023,463
11.03.2023,643
10.03.2023,215
08.03.2023,558
11.03.2023,706
09.03.2023,391
12.03.2023,502
12.03.2023,293
08.03.2023,397
09.03.2023,330
09.03.2023,779
11.03.2023,813
09.03.2023,686
13.03.2023,559
08.03.2023,253
09.03.2023,738
08.03.2023,181
09.03.2023,590
12.03.2023,123
09.03.2023,727
11.03.2023,165
11.03.2023,822
10.03.2023,573
10.03.2023,301
10.03.2023,111
12.03.2023,747
10.03.2023,889
10.03.2023,270
08.03.2023,386
11.03.2023,245
11.03.2023,872
09.03.2023,938
08.03.2023,850
10.03.2023,347
12.03.2023,299
08.03.2023,588
09.03.2023,629
09.03.2023,706
09.03.2023,824
12.03.2023,792
09.03.2023,571
08.03.2023,190
11.03.2023,854
11.03.2023,531
10.03.2023,173
11.03.2023,601
10.03.2023,727
09.03.2023,644
12.03.2023,544
09.03.2023,523
08.03.2023,451
09.03.2023,287
10.03.2023,576
10.03.2023,588
08.03.2023,287
09.03.2023,901
12.03.2023,725
08.03.2023,645
09.03.2023,427
13.03.2023,265